userid,label
1703942,-1
196622,-1
3244046,23
8749076,-1
33,-1
131106,-1
3178530,-1
1277989,11
32806,-1
98343,-1
41,-1
46,-1
2621488,-1
1376305,-1
2293812,-1
5603383,-1
819256,-1
4456508,-1
61,-1
327742,-1
4784193,-1
1376325,-1
65607,-1
3113037,-1
1507417,-1
131168,-1
753773,-1
7503981,-1
98419,-1
163957,-1
6193272,-1
2621572,-1
4751493,-1
136,-1
688265,-1
7274636,-1
143,-1
131217,-1
1736852,-1
1048728,-1
327838,-1
3014821,-1
32938,-1
1376430,24
1114289,-1
491707,-1
655548,-1
3178699,1
360660,-1
1245398,-1
295127,-1
216,-1
221,-1
819422,-1
229604,-1
229,-1
3539173,-1
393447,-1
426219,-1
1671419,-1
360704,-1
3309845,-1
278,-1
950566,-1
196919,-1
5505342,-1
6029632,-1
5177666,-1
6816070,30
229707,-1
131406,-1
1343828,-1
2261338,-1
4948316,37
65890,-1
2326888,-1
4030827,-1
164205,-1
5243250,-1
426360,-1
379,-1
380,-1
164225,-1
388,-1
389,-1
33158,11
2654596,-1
786825,-1
393610,-1
1573259,-1
557452,-1
1769868,-1
590223,-1
1245584,38
786837,39
3932568,-1
410,-1
1114524,-1
754082,-1
33190,-1
426407,-1
3965355,-1
33197,-1
432,-1
3441078,-1
655807,25
5702082,-1
2982340,-1
1638856,-1
295370,-1
360906,-1
65998,-1
950734,-1
1049042,-1
11010522,-1
476,-1
1540576,-1
819684,-1
33253,-1
1573348,-1
557547,40
786923,31
1901035,-1
1343984,0
360947,-1
2163190,-1
516,-1
1049102,-1
1049104,-1
33301,-1
6554144,-1
1540652,-1
3211822,31
197169,-1
262708,-1
1671746,0
688710,12
585,41
66127,-1
229968,-1
606,-1
950883,-1
197221,-1
229991,-1
393833,-1
1180266,-1
5079674,-1
638,1
639,-1
640,-1
1737342,-1
1540738,-1
590467,-1
1049222,-1
393866,-1
1704591,74
661,-1
668,-1
677,-1
680,-1
681,-1
197288,-1
98987,-1
686,-1
693,-1
697,-1
197305,-1
1180346,-1
725,42
66270,-1
4358883,43
743,18
1901293,26
756,-1
759,-1
131832,-1
761,-1
4457209,-1
459520,-1
771,-1
66310,-1
295689,-1
393997,-1
2622230,-1
791,-1
197431,37
824,-1
66361,-1
2949944,25
1901376,-1
839,-1
6488905,-1
3539787,6
1409874,44
820051,-1
66389,-1
230231,-1
33631,-1
99169,-1
99174,-1
1639271,0
873,-1
1475439,-1
3441526,-1
1573764,74
1934213,-1
1868680,-1
908,-1
328591,-1
2655124,-1
923,-1
99228,-1
295840,-1
937,-1
1573813,-1
1147837,-1
263103,5
1442751,-1
1868748,-1
4064208,9
33746,-1
230362,-1
3081183,-1
3212255,-1
3343327,-1
33762,-1
721890,-1
7209955,-1
1311720,-1
1475560,-1
1344494,7
525301,-1
689146,-1
7242752,-1
1541152,-1
1770530,-1
164902,-1
1311782,-1
2032684,-1
427054,-1
558138,-1
1311813,-1
1097,-1
1377355,-1
2819158,-1
66648,-1
6816857,-1
2524251,45
459874,-1
1016938,-1
66683,-1
5964935,-1
6849677,-1
33936,-1
1169,-1
3409041,-1
1174,-1
1192,46
1202,-1
1017011,-1
394423,-1
4687033,-1
2491583,-1
722112,-1
459975,-1
492743,-1
1228,-1
1901773,-1
787663,27
656593,-1
328914,-1
1246419,-1
2229463,0
5375192,-1
1410269,-1
66786,-1
1256,-1
1148137,-1
820468,-1
1274,-1
361723,-1
1148154,-1
3343616,-1
1293,-1
66838,-1
1869090,-1
3507496,-1
99635,-1
1334,-1
1336,-1
361784,-1
4457790,-1
361793,-1
66885,-1
1738060,-1
7472480,-1
1344868,-1
66919,18
525672,-1
1181045,-1
99702,-1
3310978,-1
1426,7
1312147,47
7570836,-1
361883,-1
4752797,0
394654,-1
4031902,-1
2164134,-1
394668,-1
492982,-1
525753,1
1115578,-1
4523451,-1
460224,-1
34249,-1
34261,-1
1495,-1
1934809,-1
2524633,8
1148380,-1
5506530,-1
1509,-1
7636463,-1
591349,-1
755195,-1
2524671,48
558593,-1
1550,-1
1050126,-1
722448,-1
1639950,-1
1738254,-1
4916756,49
3802646,-1
1559,-1
984605,-1
1148451,-1
362026,-1
2819633,-1
5473852,-1
4392513,-1
34370,-1
4130396,50
2033253,-1
624230,1
3737190,-1
951915,-1
67190,-1
2852470,-1
34425,-1
1017467,-1
263813,-1
362125,-1
1690,-1
558748,-1
2426531,-1
4261539,-1
3114676,4
1727,-1
362181,-1
722629,-1
1747,-1
7210725,-1
1738483,-1
1050356,-1
395004,-1
8128252,-1
6162175,3
853760,-1
329481,-1
34580,-1
132887,-1
526105,-1
1181469,-1
722718,-1
2098975,-1
1083168,-1
5506854,-1
362282,-1
100140,-1
132908,-1
1847,-1
100151,-1
624445,0
1738563,-1
2885445,-1
296777,-1
2066257,-1
2295637,-1
1279842,-1
1509240,-1
2819967,-1
2393990,-1
1050507,-1
1705868,-1
133005,-1
1942,-1
9930647,-1
198556,-1
853919,-1
7473056,-1
1968,-1
133043,-1
198580,-1
1973,-1
34741,51
1607609,-1
3311552,14
559041,-1
493509,-1
919498,-1
198609,-1
231382,-1
6391774,30
34783,32
231397,-1
2031,0
100346,-1
2492411,49
1837066,-1
329753,-1
526362,-1
1083424,-1
1771560,-1
3573801,-1
7505964,-1
198701,-1
34864,-1
2099,8
4720707,1
1509454,-1
2131,-1
4032600,-1
6031448,-1
1411188,-1
591997,-1
3213438,5
2181,-1
1706118,4
2263173,-1
100490,-1
2187,-1
1050773,-1
1542293,8
821403,-1
1804447,-1
166048,-1
559270,-1
985254,-1
297128,-1
8390822,-1
297130,-1
1050794,-1
985270,-1
3967161,10
231616,-1
198849,-1
166083,-1
5703878,52
198857,8
690377,-1
2252,-1
1837265,-1
3606742,-1
100571,-1
100581,53
362725,-1
985322,18
2285,-1
461037,-1
100591,-1
362739,-1
362752,-1
395521,-1
1804545,-1
1181965,-1
624925,3
4262179,-1
35110,-1
2296102,5
6195505,-1
231730,-1
395572,-1
3049802,-1
5835092,0
3344731,-1
2399,-1
2230623,-1
2401,-1
330081,0
723303,-1
1050985,-1
2656623,-1
100726,-1
3672439,-1
559503,-1
7965072,-1
2066836,-1
3443095,-1
35227,-1
2001314,-1
2853286,-1
1903017,-1
625067,-1
133552,-1
3967417,-1
297406,-1
7211454,2
3213766,-1
100832,-1
199148,-1
133619,-1
985589,-1
3049974,15
199161,-1
133628,-1
1870332,-1
2565,-1
2296342,-1
821784,-1
199195,-1
2588,-1
166428,-1
199197,-1
1215013,-1
8325669,-1
35368,-1
6654505,-1
199214,-1
1083953,-1
2198069,-1
2755130,-1
3050054,-1
2493023,-1
330349,-1
35438,-1
1903214,-1
199286,-1
2951798,-1
4590210,0
2067090,-1
1149595,-1
985758,-1
68255,-1
952992,-1
297634,-1
494242,-1
1280683,-1
461494,-1
166585,-1
1837758,-1
4557504,-1
133829,-1
2427589,-1
35527,54
199368,-1
3214025,-1
4557525,-1
264938,-1
396010,-1
6687474,-1
789235,-1
1739518,-1
1870591,-1
2394891,-1
101133,33
953101,-1
68379,-1
2231070,-1
35617,-1
363297,-1
494376,-1
2861,-1
265005,-1
2873,-1
4459336,-1
494410,-1
691020,7
1936215,24
1149788,-1
854878,-1
1280868,-1
35698,-1
592773,27
1805190,-1
1084298,-1
5442450,-1
920467,-1
2964,-1
1706902,-1
2967,-1
2853799,-1
265139,-1
1739700,-1
2460598,51
1117115,16
3008,-1
6622147,-1
2100174,-1
1838040,-1
3033,-1
2264026,-1
2755544,-1
35808,54
199655,-1
6687729,-1
363506,-1
3312633,55
1903610,-1
2952191,-1
101376,-1
429062,-1
1018888,-1
35856,-1
68632,-1
3099,-1
8096802,-1
855081,-1
4852779,-1
2952236,-1
2165805,-1
461884,-1
232510,-1
953410,-1
855107,-1
1903682,-1
35911,-1
101449,-1
3083351,-1
1313889,-1
756837,-1
2428006,-1
756849,-1
35956,-1
822393,-1
1084540,-1
2854016,-1
3203,1
2034820,1
2165904,-1
2264215,-1
396440,-1
2133144,-1
1084570,-1
2296997,48
134311,-1
855212,-1
3248,-1
3253,-1
2002101,-1
101561,-1
68794,53
6196413,-1
396481,-1
101571,-1
3281,-1
3286,11
363734,-1
3293,-1
2788584,-1
4459754,-1
8588524,-1
134383,-1
1182961,-1
5934324,-1
3330,-1
5606666,-1
1051915,-1
396558,-1
363795,-1
1314070,-1
1740059,-1
2886942,-1
396584,-1
6196533,-1
396601,-1
462140,-1
1051965,-1
625984,-1
527682,-1
331081,-1
691529,-1
134490,-1
6229340,-1
200035,-1
527716,-1
134504,-1
200044,-1
4459884,4
3345775,-1
3442,-1
396659,-1
626043,-1
3345800,-1
5246347,-1
396690,-1
1183124,0
1052054,-1
36251,-1
1117599,-1
7835045,-1
560552,-1
2264489,-1
429488,-1
1772976,-1
3247536,-1
3514,40
3517,-1
3522,-1
331205,-1
3527,-1
134603,17
10128846,-1
1904080,-1
3214811,-1
1084894,-1
1019370,-1
6655473,-1
1019384,-1
331269,-1
396806,56
1379849,-1
36370,-1
2002450,-1
331286,8
3968535,-1
1969696,-1
69154,57
1904163,-1
2526754,-1
167463,-1
134701,-1
1445422,-1
429615,-1
462390,-1
5180996,-1
462407,-1
167519,-1
5312104,-1
1445486,-1
3699,-1
2231924,6
134779,-1
1085059,-1
102022,-1
134790,-1
36496,-1
429723,-1
102045,-1
1773214,-1
3751,-1
626343,26
4984498,-1
102074,-1
1216187,53
2133691,-1
4525761,-1
3783,-1
1281735,-1
9932489,-1
4263627,-1
36558,-1
298709,-1
3800,-1
298716,26
1150685,-1
5672669,-1
36586,-1
2821866,58
4034285,-1
298741,-1
5672693,-1
626428,-1
36605,-1
1183493,-1
5705488,-1
36631,-1
3865,-1
3866,-1
266017,-1
3411754,-1
2133804,59
692016,-1
5312310,-1
1740603,-1
3900,-1
7180098,-1
4853579,-1
3313500,-1
1085285,-1
1052522,-1
2199411,-1
102260,-1
659317,-1
2232179,-1
8654711,-1
69500,-1
1019785,-1
200593,-1
1216401,1
1052572,-1
4394909,-1
2199461,-1
1281966,1
266164,-1
757686,-1
102337,17
69573,-1
1413072,-1
69592,-1
462810,-1
2723803,-1
6361055,-1
724963,-1
233458,-1
7180277,60
495615,-1
36865,-1
200710,-1
331786,-1
6688781,61
4122,29
1609757,-1
36896,-1
1445920,-1
3969057,-1
4133,-1
2854954,-1
364588,13
1118267,-1
495684,-1
2003014,-1
1609812,-1
36955,30
102500,-1
4198,-1
430182,-1
4200,-1
36971,-1
1249390,-1
3215491,-1
4228,-1
430214,-1
1872012,-1
135309,-1
200845,-1
4247,-1
4264097,-1
4262,-1
37050,-1
2920642,-1
6197452,-1
4395221,-1
1052890,-1
495837,-1
2756839,-1
1839337,-1
69870,-1
4362480,-1
69875,-1
692469,-1
4342,-1
2789621,-1
1839352,-1
10096897,62
430345,-1
725262,-1
1020175,-1
2068754,-1
168212,-1
6918420,-1
10588438,-1
2101531,-1
4854054,19
1413415,-1
626988,-1
6000941,-1
2887982,-1
2560307,-1
7409971,-1
1478969,-1
201027,-1
4526408,-1
7999817,-1
2101584,20
4067664,-1
4437,-1
3445079,-1
37233,-1
594292,-1
70005,-1
5312885,-1
102788,0
4485,-1
2429323,-1
6787469,-1
3117454,-1
70031,-1
4499,-1
299419,1
1184160,-1
496041,-1
1282477,-1
3051949,-1
1282483,-1
1872314,50
1446331,-1
1970618,-1
1315267,-1
4549,-1
5476810,-1
3477965,-1
1413594,-1
2560477,9
3674591,21
299490,-1
922083,-1
430563,-1
266732,-1
4166126,0
5313007,63
332275,-1
1970678,-1
4723194,-1
1643009,-1
1053190,-1
1446409,-1
168458,-1
2986510,-1
3052065,-1
2396710,-1
37417,-1
2167338,-1
3346993,-1
1380916,-1
1315382,-1
1380922,16
299584,-1
168520,-1
135753,-1
2560594,-1
9048665,-1
4699,-1
135772,-1
4712,-1
332392,-1
7410285,-1
463474,-1
6427258,-1
4737,-1
3445377,-1
103045,-1
430725,-1
37512,-1
1086090,-1
889483,-1
4526730,-1
201357,-1
1905315,-1
103077,-1
1381031,-1
3347118,1
37552,-1
660148,-1
1315509,-1
37560,-1
1872577,-1
4804,-1
70344,-1
2757322,-1
791253,-1
299736,-1
1774301,-1
2265821,-1
1413857,-1
103138,-1
987875,-1
9769697,-1
4133610,-1
1315566,64
4199152,-1
201469,-1
1544957,-1
10818303,-1
168704,-1
37633,-1
1839873,-1
299784,-1
1184520,55
627467,-1
1872662,-1
1053473,-1
3904291,-1
5313322,-1
463659,30
201516,-1
1872685,-1
201521,-1
398130,-1
4297527,-1
70464,-1
234313,-1
37716,1
3838806,28
4951,-1
1446746,-1
9769819,38
1774433,-1
3150695,-1
70512,-1
3052408,-1
2397055,-1
6558593,-1
430979,-1
4996,-1
70533,-1
463751,13
8852363,-1
37772,-1
7443341,-1
1020817,-1
1643413,-1
1905560,-1
627610,-1
4658075,-1
5608348,-1
168866,-1
1250212,-1
234427,-1
693179,-1
1381307,-1
824258,-1
3380169,-1
201677,-1
1283034,-1
1184739,-1
4035557,-1
300013,-1
103412,-1
5051380,65
5051381,-1
1414135,-1
8950776,-1
1840129,-1
168973,-1
3576847,-1
2757652,66
5148,-1
365603,-1
922659,-1
4559911,-1
3478578,-1
267315,-1
332855,-1
1872960,-1
5084225,-1
4854860,-1
37969,-1
791664,12
4199536,-1
922746,-1
4789372,-1
6165629,-1
169091,-1
431241,-1
136331,-1
2430092,-1
5267,-1
2462872,-1
2659487,7
1643680,-1
1545379,-1
2528421,-1
5296,-1
464048,-1
7214257,-1
234676,-1
1873076,-1
1578168,49
791743,-1
103618,-1
136396,-1
660689,-1
1086674,-1
1742034,-1
136409,-1
529634,-1
10294499,-1
1217771,-1
300269,-1
1643759,-1
5364,-1
4461818,-1
5372,-1
1611017,-1
726283,-1
1676560,-1
333076,-1
136472,13
365854,-1
103726,-1
169279,0
1283400,11
5838153,-1
726348,-1
9737550,-1
628050,-1
234840,-1
5468,-1
10130783,-1
922985,-1
234858,-1
3642731,-1
3347823,-1
136563,-1
431483,-1
136582,46
7705999,-1
4363672,-1
693677,-1
791990,-1
1152441,-1
2135481,-1
103869,-1
4855229,-1
4265407,-1
1250759,-1
1119690,-1
38349,-1
6886861,-1
1316303,-1
2299350,-1
1185240,0
4167136,-1
2364908,11
3970550,-1
1971704,-1
3872254,-1
38402,-1
333324,-1
5645,-1
366097,-1
398871,-1
693784,44
1742361,-1
4232727,67
366108,-1
2430496,23
3806774,-1
628285,-1
890431,-1
1545794,-1
5704,-1
1971787,-1
2004560,0
5805652,-1
136796,-1
4068960,-1
431730,-1
71285,-1
11048567,-1
1185402,-1
398977,-1
1152648,-1
6428323,16
300709,-1
38567,-1
661161,1
2561710,-1
38581,-1
3970759,-1
235221,-1
366294,-1
6559447,-1
104157,-1
366305,-1
4036323,-1
5707494,1
497384,-1
1251057,-1
1873654,-1
366336,-1
5890,34
857882,-1
5740326,-1
3839784,7
1546025,15
431916,-1
38706,-1
431927,-1
2201401,15
38717,1
137024,-1
5969728,-1
1054531,-1
137041,-1
5974,-1
3544919,-1
268135,-1
4134760,-1
1087353,-1
759680,-1
104341,-1
2430875,-1
137119,-1
661407,-1
104354,-1
1939362,-1
38821,-1
4790181,-1
2430888,-1
1644458,-1
366518,-1
1120183,-1
2135996,-1
6087,-1
169927,-1
6526920,-1
7116751,-1
5216208,-1
497617,-1
169943,-1
4069336,-1
464855,-1
4495321,-1
4790244,-1
202727,-1
169961,-1
6122,-1
301038,-1
3053550,-1
432119,-1
38904,-1
2168825,-1
1447930,-1
530430,-1
301055,-1
6146,-1
104455,-1
333834,-1
563211,-1
104461,-1
6159,-1
1153050,-1
71711,-1
301087,54
8558629,-1
170026,-1
6187,-1
464947,-1
6197,-1
8034366,-1
890950,-1
3840076,16
2398293,-1
1218649,-1
202844,-1
6247,-1
235624,-1
432242,-1
1153144,-1
6002811,-1
596092,-1
727164,-1
3250300,-1
661632,-1
137355,-1
891022,-1
2037923,-1
6035620,32
432293,-1
497836,-1
1710260,67
7444664,54
2332864,-1
727233,-1
4233409,-1
104660,-1
6358,-1
366806,-1
596182,-1
1906908,-1
1022177,-1
530658,-1
268516,-1
891114,-1
661745,-1
9410802,-1
39155,-1
923891,-1
891126,-1
39159,-1
268548,-1
1054989,68
301327,0
399637,-1
235807,-1
858404,37
6437,-1
3414323,55
1579327,-1
2136387,0
39241,12
6478,46
6484,-1
5577045,-1
104790,-1
792940,-1
1120631,57
498041,-1
6541,-1
1186193,-1
6551,-1
465309,-1
3381672,-1
39351,-1
1579448,-1
3480003,-1
6599,-1
530894,-1
989646,-1
498133,-1
399832,-1
301539,-1
2562532,-1
6631,-1
170472,-1
4200936,-1
2759148,-1
8952300,-1
6641,-1
1808888,46
793084,-1
2497021,-1
563712,32
1022468,-1
6665,-1
760329,-1
3512841,-1
3971594,-1
104973,-1
1153562,-1
3447322,-1
825904,-1
3775027,-1
891445,-1
1579573,-1
1186364,3
1645129,-1
6731,-1
2726475,-1
203348,-1
2923099,-1
891489,-1
4364899,0
6756,-1
105065,-1
6762,-1
2202222,-1
858741,-1
236152,-1
662137,-1
1841787,-1
924293,-1
4659860,-1
2071213,69
4463279,-1
39602,-1
1874616,-1
1120959,-1
465600,-1
858818,-1
203469,-1
6865,-1
4987617,6
3087075,-1
236270,-1
334574,-1
7215861,-1
1710845,-1
5413634,9
400131,-1
203531,-1
6363916,-1
72462,-1
3283732,-1
105254,-1
1874739,-1
760643,-1
334660,-1
2792279,52
858973,-1
629634,67
7044,-1
465797,-1
3611533,-1
367507,-1
1252248,-1
3906467,-1
4004779,2
662448,-1
4987826,-1
990136,-1
39876,-1
957382,-1
302024,-1
793546,-1
990158,-1
1612757,-1
7129,-1
72675,-1
793573,-1
3808240,-1
1809394,-1
2137088,-1
531464,-1
3349513,-1
564266,-1
629805,-1
7217,29
760885,-1
400450,-1
957514,-1
8395852,-1
2759759,-1
662608,-1
9247823,-1
7254,-1
40039,-1
6200461,-1
7313,-1
105617,-1
859287,-1
629913,-1
2202780,-1
8166557,-1
1678495,-1
5151904,-1
1809575,0
400556,17
1023155,-1
498872,-1
2563258,-1
1547453,-1
1940669,-1
1252552,-1
531662,1
7394,-1
7401,-1
40170,-1
7416,-1
4791545,-1
6036734,6
3284223,-1
7424,40
171265,-1
662794,-1
4562196,-1
7446,-1
498966,65
1842462,42
400672,32
1908001,22
7347494,0
466237,-1
4988228,-1
859477,-1
5774677,-1
2334050,-1
1875304,-1
466283,-1
400750,-1
499064,-1
6364543,-1
335234,-1
761219,-1
1318274,-1
1580424,-1
6528400,-1
40342,-1
4726169,-1
73125,-1
1088933,-1
1842599,-1
40360,-1
859560,-1
4169127,2
2399664,-1
204216,10
630216,-1
40395,34
1842636,-1
3907020,13
7740883,-1
6397399,-1
990680,-1
695771,-1
40439,8
8560121,-1
1940988,-1
1351172,-1
7685,-1
7511563,-1
1973779,-1
630302,-1
7713,35
1252900,-1
1154599,-1
2301480,-1
2170424,-1
2203194,-1
40508,-1
892476,44
1777215,-1
368196,-1
1646150,-1
3579467,-1
1875537,-1
1154650,-1
2072158,-1
7778,-1
564838,-1
40553,-1
204396,18
204408,-1
466564,-1
7819,-1
5611148,-1
4660882,-1
7830,-1
6823590,-1
794282,-1
237237,-1
892599,-1
1154743,-1
3022523,1
106185,-1
7892,-1
171733,-1
171737,-1
1220320,-1
2727649,-1
7908,-1
40684,60
204530,6
7970547,-1
1023761,-1
171796,37
1515289,-1
40734,-1
8298278,-1
1646377,66
3874601,29
466740,-1
1417012,-1
696118,-1
925506,0
1253186,-1
1941315,-1
2334533,-1
1580873,1
1777484,-1
2563920,-1
1941338,-1
2465626,-1
7642974,-1
1220461,-1
860018,-1
499578,-1
106363,-1
3579782,-1
2236296,-1
2039690,-1
1122191,17
204690,-1
728996,-1
1089479,-1
4071369,43
1613775,-1
1155036,-1
3252191,-1
1646560,-1
368609,-1
172003,-1
1089507,-1
4726774,10
204792,-1
5939206,-1
1220629,-1
368662,-1
1712150,-1
1581081,-1
4300826,0
40994,-1
3481638,-1
466984,70
532523,-1
794671,-1
1253430,-1
2105398,-1
4366399,-1
172107,-1
9281615,-1
2662480,50
532561,-1
237662,-1
1220706,19
499815,-1
73832,-1
467054,-1
5316723,-1
8309,-1
237693,-1
41116,-1
3383456,-1
8354,-1
7708834,2
368811,-1
6758582,-1
2793655,-1
139449,-1
2760894,-1
172224,1
172229,-1
3907781,-1
6693068,-1
8364242,-1
172255,-1
794848,-1
1777889,-1
4169957,-1
41190,-1
270569,-1
893170,-1
1876215,-1
2629883,-1
8446,-1
8450,-1
270596,-1
8456,18
565513,-1
5841163,-1
270607,-1
368913,-1
1319190,-1
5415192,-1
2072860,-1
8477,-1
1024285,-1
2335011,-1
467246,-1
2236722,-1
139572,-1
500020,5
434486,34
270647,-1
5677390,-1
958812,-1
172383,-1
631138,-1
205156,-1
5153129,-1
991598,-1
2007410,-1
598405,-1
139658,-1
3744150,-1
270754,-1
8495526,-1
762279,-1
6660519,-1
1286571,-1
8626,-1
9740724,-1
41402,-1
926138,-1
2630078,-1
41407,-1
238016,-1
532929,-1
1155519,-1
2924995,-1
41414,-1
139725,-1
532954,-1
3285469,-1
1024488,-1
598505,5
3121640,-1
2990577,-1
205313,-1
1286663,-1
2433547,-1
2466315,-1
139800,-1
7086624,-1
533028,-1
2990631,-1
565817,-1
2335291,-1
2073151,-1
8771,-1
2957891,-1
2040389,-1
8774,-1
238151,-1
4432451,0
1319497,-1
4039248,-1
7217749,-1
2007645,-1
860771,-1
533097,-1
598645,-1
4104826,-1
303743,-1
3220102,-1
74375,-1
1843868,-1
3842727,-1
664232,-1
1581740,10
1745593,-1
8364730,-1
336575,-1
336581,-1
1417928,-1
10068687,-1
533203,-1
8924,-1
238301,-1
598767,-1
336624,-1
664305,-1
1352448,-1
1057542,-1
205579,57
4236046,-1
500505,-1
4137753,-1
6431515,-1
3253022,-1
2859812,-1
9003,-1
2335533,-1
500526,-1
2728751,-1
9013,-1
566069,-1
1647414,-1
3482422,-1
1712959,-1
4563783,-1
2794313,-1
4432718,-1
5546841,-1
9052,-1
271196,-1
172894,30
1483619,-1
828261,-1
1024873,-1
926573,-1
369518,-1
2859892,-1
3580795,-1
8790914,-1
9093,-1
500617,-1
598927,-1
795537,-1
41880,-1
304025,-1
9114,-1
926623,-1
3974049,-1
2401187,-1
9140,-1
6759351,-1
1876922,-1
1024959,-1
1319878,-1
1418189,-1
4858845,-1
173024,-1
9186,-1
4137959,0
992233,71
4170753,-1
107525,-1
2499592,-1
631831,-1
6431776,-1
6693920,-1
3515429,-1
107561,-1
3056695,-1
74820,-1
1156174,-1
3744861,-1
42082,-1
402531,23
42094,-1
697454,-1
42098,-1
173173,-1
107657,-1
9354,-1
271499,-1
2434188,-1
1025166,-1
2237603,-1
7840937,13
2106538,20
5809330,-1
6464696,-1
2696378,-1
5809346,-1
8824006,-1
402643,-1
3581151,-1
10200295,72
3843306,-1
1582317,14
42224,-1
2860278,0
1647868,0
8070397,-1
2565382,-1
3122439,-1
599326,-1
730399,36
1385758,-1
6661423,-1
206132,-1
2565432,-1
3253561,-1
992570,-1
3286334,-1
9535,-1
533824,-1
173397,-1
206168,-1
3581273,-1
1320282,-1
402779,-1
1811803,-1
75104,-1
533856,-1
1582437,-1
828774,-1
664935,0
664941,14
533877,-1
1123704,-1
7546233,67
9605,-1
2925964,-1
1320352,-1
1877413,-1
992679,-1
1844647,11
1418675,-1
1877428,-1
1811893,49
107958,0
140726,-1
402875,-1
5514683,-1
927182,-1
4662743,-1
9690,-1
1746400,-1
3286502,1
75245,-1
4302318,-1
1811951,-1
6071795,-1
2401782,-1
2532855,-1
6694392,-1
3057153,-1
5809668,-1
2401800,-1
337419,-1
75277,-1
2237972,-1
4302356,-1
2631197,-1
42529,43
534050,-1
1844770,-1
1680944,-1
1713736,-1
2696781,-1
304721,-1
599640,-1
1582682,-1
9831,-1
10102376,-1
337516,-1
6071917,-1
4695665,-1
4564599,-1
5482111,-1
1517192,-1
1648266,-1
337548,-1
7579280,-1
75414,-1
42647,5
9889,-1
140964,-1
8169133,-1
4171446,-1
9920,-1
9921,-1
9926,-1
2172615,-1
9928,9
2926278,1
1418955,-1
7186125,-1
468699,22
3286749,-1
1025771,0
239340,-1
6399723,-1
1255154,-1
3450621,-1
2467585,-1
2238216,-1
993034,-1
1484557,-1
1681171,-1
730900,-1
10013,-1
567080,-1
1812265,-1
1845035,-1
272174,-1
337711,-1
534339,-1
4695891,-1
10076,-1
173919,-1
10081,-1
10082,45
272227,-1
305000,64
173938,-1
10103,-1
3581825,-1
239494,-1
42887,-1
1681286,-1
206735,-1
2238359,-1
10141,-1
403359,-1
206757,-1
468904,-1
4171694,-1
5318574,2
206782,-1
5416896,-1
2467785,-1
3876809,-1
796637,-1
1976293,-1
403430,-1
403442,-1
3090425,-1
1288203,20
43032,-1
1648670,-1
239652,-1
3581988,-1
2041908,-1
403514,-1
1648701,-1
1091648,-1
337986,-1
2238530,-1
534627,-1
632938,-1
6563946,34
239743,-1
501890,-1
796802,-1
206980,-1
2730120,-1
1484941,-1
1091735,-1
403617,-1
1681596,24
5220545,-1
960706,-1
370889,-1
927945,-1
4401353,-1
10450,-1
141537,-1
4040943,-1
239861,-1
2730233,-1
1550587,-1
2205950,-1
698624,0
43269,-1
10504,-1
10507,-1
3254543,-1
5155089,-1
534802,-1
665882,-1
141597,-1
272669,1
10530,-1
895271,-1
239914,-1
895276,-1
2435376,-1
4172081,-1
1976626,-1
993601,-1
3156289,-1
436553,-1
174412,-1
403792,-1
305491,-1
338262,-1
1747293,3
3385694,16
1190241,-1
174435,-1
10597,-1
141683,27
1288565,-1
4139394,-1
1681795,-1
207241,-1
1878411,-1
960915,-1
141717,-1
10646,-1
1091990,-1
1681816,-1
10649,-1
4630942,31
3516833,-1
862628,-1
600490,-1
4762027,-1
1124781,-1
4663725,0
305584,-1
1812914,-1
43444,0
141753,-1
2828736,0
1911245,-1
2042323,-1
240084,-1
1911255,-1
1026525,-1
1518051,-1
2238947,-1
141807,-1
1092083,-1
4106743,-1
2009608,-1
3713551,-1
6040079,28
403989,-1
141846,71
436770,-1
109095,-1
5712424,-1
2304571,-1
43580,-1
1681996,-1
4500044,-1
9644630,59
10841,-1
3025498,-1
1747555,-1
174696,-1
4172400,-1
10865,-1
6531697,-1
469619,15
404087,-1
567927,-1
1813113,-1
1976952,-1
1026684,-1
7940734,-1
436867,-1
1092229,-1
174746,-1
109213,-1
1747613,-1
3484330,0
2730670,-1
338622,-1
4008639,-1
10332865,-1
10951,-1
1944264,-1
10952,-1
568007,-1
1092302,-1
76506,-1
1485530,-1
961249,38
305904,47
338679,-1
3287801,-1
305914,-1
469754,-1
8760064,-1
5319430,-1
1747721,-1
11018,-1
4008720,-1
11032,-1
11050,-1
76587,-1
207659,-1
174914,-1
3746645,-1
76630,-1
2075479,-1
4828002,-1
3779429,-1
895847,-1
338793,-1
633707,-1
43887,-1
830324,-1
2173814,-1
338808,27
732024,-1
2599805,0
3025795,-1
11141,-1
76678,-1
5024648,-1
1092493,-1
4303757,-1
7416722,-1
207764,-1
1878933,-1
4893589,-1
2141084,-1
994205,-1
2272157,-1
404384,-1
2632610,-1
11179,-1
4959152,-1
699320,-1
109498,-1
2796483,-1
207822,-1
371664,-1
142291,-1
371667,-1
207855,-1
3288047,-1
306163,-1
1616888,-1
10497017,-1
11258,-1
207866,-1
109570,-1
1289220,-1
470023,-1
797705,-1
1649676,-1
2698252,-1
11283,0
44052,-1
1289246,-1
371744,33
109611,-1
1944628,0
2239540,-1
11318,-1
175159,-1
8989748,-1
5352512,-1
2468931,-1
765000,-1
175180,-1
502870,-1
404570,-1
8236122,-1
1387617,-1
142435,20
1092713,-1
2862191,-1
240757,0
502906,-1
1584255,-1
3943555,-1
1387652,-1
11405,-1
76941,-1
3583124,-1
4926616,-1
339100,-1
240799,-1
240800,-1
44194,-1
11436,-1
175277,-1
3517615,-1
2895024,-1
11451,-1
470203,-1
1846467,-1
1748164,-1
1748169,-1
961744,-1
10530003,-1
994516,45
11479,-1
2370778,-1
470245,-1
470247,1
11500,-1
863469,-1
306418,-1
2403574,-1
3124477,-1
1256702,-1
7023870,-1
44294,-1
2567431,56
2403596,-1
77075,-1
404761,-1
1813790,-1
6663460,-1
732456,-1
372009,-1
2141500,-1
1027392,-1
44357,-1
3714374,-1
1617223,12
175442,-1
44374,-1
5221724,-1
44384,-1
3943777,-1
1977699,-1
11640,28
5320074,-1
568722,-1
11669,-1
6073754,0
634270,-1
437665,41
1191330,-1
3026344,-1
1387945,-1
44461,-1
7613885,10
4435390,-1
699839,-1
2862528,-1
1584588,-1
3091921,-1
7024082,-1
77268,-1
667094,-1
667098,0
470491,-1
437732,-1
732646,-1
110065,-1
306683,-1
863748,-1
1027589,-1
2010634,-1
830998,-1
437794,-1
5156390,-1
1060395,-1
1682988,-1
3780141,-1
8269363,-1
7843392,-1
470593,-1
306754,-1
9285188,-1
667209,-1
470611,-1
405080,-1
77405,-1
2928225,63
44645,-1
77415,1
1191541,-1
2698881,-1
732804,-1
863884,-1
6631052,-1
2731672,-1
405154,-1
3255971,-1
4697764,-1
306857,-1
1224363,-1
1715887,-1
6663855,-1
44721,-1
1552053,-1
667329,-1
896705,-1
1519302,-1
2043595,-1
175821,-1
77520,-1
372436,-1
536279,-1
6860509,-1
503523,-1
732900,-1
1060581,-1
2797289,-1
44780,-1
208624,-1
306931,74
438004,-1
2010868,12
7745269,-1
208632,-1
1912569,-1
2567928,-1
1683195,-1
77578,-1
1584917,-1
995100,-1
306988,-1
77615,-1
44850,-1
2010939,-1
3583806,-1
1421119,-1
4501311,-1
1388353,-1
995138,-1
2142020,-1
3518278,0
110418,-1
1552211,0
1584980,-1
12117,-1
208726,-1
2207576,-1
470879,-1
601954,-1
12131,-1
995170,-1
12142,-1
700276,-1
1159038,-1
3944324,-1
470920,-1
5091209,52
4861836,-1
2502541,-1
536466,-1
1552275,-1
2043796,-1
1224600,-1
2371486,-1
77727,-1
2764702,-1
2240430,-1
7942079,63
1978312,-1
12233,-1
12235,-1
3223501,-1
45018,-1
2142174,-1
1126391,-1
1486843,-1
12287,-1
2961409,-1
4304903,5
2437129,-1
4075534,-1
569359,-1
372754,-1
7745554,-1
77864,-1
831549,-1
3387461,-1
1781832,-1
3518551,-1
241752,-1
4010080,-1
471146,-1
9842812,-1
77951,-1
340095,41
12419,-1
471172,-1
12422,-1
471189,-1
4010140,-1
77982,-1
2568350,-1
12448,34
2502817,-1
1519788,-1
12463,-1
1945778,-1
2994366,-1
3715270,-1
1192139,11
2339020,-1
1061069,-1
340175,-1
143568,-1
700625,-1
12500,-1
12502,1
78046,-1
45282,-1
9187561,-1
2044139,0
995566,-1
78063,-1
209135,-1
78069,-1
1126649,25
1945851,15
2011392,-1
1159426,-1
241923,13
1814788,-1
569607,-1
4108551,-1
12560,-1
2863381,-1
12566,-1
2240790,-1
2109727,-1
3944736,-1
2240806,-1
864552,-1
831788,-1
4927788,-1
110897,-1
45364,-1
7549258,-1
78155,-1
1093966,-1
2175314,-1
471387,1
2011483,22
536925,-1
3158364,-1
5484894,10
1749347,-1
12645,-1
1913198,-1
1094006,-1
5878135,-1
78202,12
536955,-1
471421,-1
504205,-1
4501907,-1
2044308,-1
3912084,-1
1257879,-1
45471,21
12717,-1
307632,-1
111034,-1
8368573,-1
1192386,73
2798019,-1
7877062,-1
1028564,-1
438754,-1
1225187,-1
2470372,-1
438757,-1
602599,0
3224039,-1
2830848,-1
733700,-1
12805,-1
1749509,-1
3191326,-1
6599206,3
12843,-1
6140471,-1
2470458,-1
78395,-1
1684027,-1
1389117,-1
3158593,-1
963144,-1
3256925,-1
4174442,-1
12908,-1
733807,-1
2699893,-1
307836,-1
12930,-1
45698,8
7647889,-1
438935,0
45736,-1
1028776,-1
12976,-1
6009530,-1
1061572,37
7189196,-1
701133,-1
78542,-1
1192657,-1
13026,-1
1618660,-1
832240,-1
2142964,-1
13056,-1
1028866,-1
2175749,-1
6730504,66
701196,-1
176913,-1
2536214,-1
1684247,-1
570141,-1
537398,-1
8434486,-1
471867,-1
1389373,-1
3912509,-1
1028927,-1
78663,-1
2044744,-1
373577,-1
111443,-1
4174684,-1
504672,-1
3552097,-1
111462,-1
111468,-1
373614,-1
2438000,24
832378,-1
144255,-1
177024,-1
537472,-1
406402,-1
4338566,-1
144267,-1
78738,-1
3191703,-1
406426,-1
2798492,-1
963485,-1
5354399,-1
78753,-1
13231,-1
242608,-1
1487794,-1
1487808,-1
2929600,-1
308163,-1
78793,-1
668620,-1
1913806,-1
1389519,-1
308186,-1
5977070,-1
1520623,-1
7222258,-1
78836,-1
2733054,-1
13323,-1
10892301,-1
46098,-1
4797460,-1
7681044,-1
963613,-1
13347,-1
767016,-1
4928561,-1
78908,-1
1619009,-1
177221,-1
209993,-1
2634858,-1
4404350,-1
1815680,-1
5485697,3
734341,-1
1029260,-1
472207,-1
1586325,-1
701591,-1
79002,-1
5158045,-1
210096,-1
79035,-1
4797627,-1
1553600,-1
111831,-1
2307289,-1
1193186,-1
3781861,-1
3093737,1
13545,-1
46315,-1
5321963,-1
210158,-1
79092,-1
3519733,-1
13562,-1
2897149,2
275711,-1
4306176,-1
2635012,-1
1062153,-1
111883,-1
963852,-1
1193228,-1
46373,-1
1488166,-1
46384,-1
2110771,-1
963892,10
1750327,-1
177467,-1
2700609,-1
3257673,-1
5387600,-1
341335,-1
4076897,-1
8762748,-1
210305,-1
505219,-1
275848,-1
3552665,59
341403,-1
2110875,2
79261,-1
9647523,25
275881,-1
2307499,-1
1553866,-1
472532,-1
243157,-1
4568538,-1
3716571,-1
112102,-1
3454442,52
46571,-1
603630,-1
3421684,-1
7058942,-1
1291775,4
177665,-1
177666,-1
46604,-1
2733588,-1
13845,-1
13862,-1
112167,-1
1586726,-1
144941,-1
177715,-1
308789,-1
1750592,-1
538179,-1
308805,-1
1816138,-1
243277,-1
1029712,-1
1226328,-1
4601433,-1
1881693,-1
2176644,-1
734855,-1
767623,-1
833159,-1
2274952,-1
1160845,-1
3487375,-1
407205,-1
2635435,-1
6174385,-1
3192507,-1
46782,-1
5682885,-1
6207182,-1
997072,-1
14035,-1
636651,-1
4142834,-1
14079,-1
3487488,-1
3159822,-1
14095,-1
407312,-1
177941,-1
603935,-1
4863778,-1
14115,73
10434338,-1
8238889,-1
276269,-1
46899,12
5551928,-1
2635579,-1
4175681,-1
2373446,6
2799431,-1
341833,-1
9025356,0
1357645,0
2963277,-1
4110161,-1
4863839,-1
276330,-1
3913580,-1
866162,-1
4536191,-1
9189254,21
276361,-1
178058,-1
3323786,-1
407445,-1
341923,-1
1292199,-1
997291,-1
7714746,-1
1750972,-1
14275,-1
2144195,-1
145351,46
79829,-1
112598,-1
1947607,-1
1685464,-1
538585,-1
1816539,-1
3586012,-1
112607,-1
2635745,-1
79849,-1
1128427,-1
473068,-1
735213,-1
8042478,-1
309235,-1
8566780,15
342014,-1
4700164,-1
1914885,-1
2963465,6
145417,-1
47115,-1
309260,-1
47117,-1
14352,-1
79888,-1
473104,-1
4995109,-1
14374,-1
1292329,18
1587241,-1
7256105,-1
14400,-1
2308164,-1
14408,-1
1357896,-1
3192914,-1
2898005,-1
112727,-1
407640,-1
1751133,-1
3651690,-1
14446,-1
899185,-1
243839,-1
768132,-1
4569227,-1
14483,-1
1947797,-1
1718430,-1
178344,-1
211114,56
1849514,-1
7944369,-1
1095861,-1
4634844,-1
4110557,3
1063146,12
4110579,-1
4274421,64
112895,-1
2930949,-1
506120,-1
1456398,-1
5191974,-1
6371622,15
309545,-1
211251,-1
2963768,-1
14654,-1
2537801,-1
178516,-1
276821,-1
538966,-1
6863199,-1
145762,-1
14692,-1
4012389,-1
276840,-1
506219,-1
637297,-1
1292661,-1
932218,-1
702844,-1
866696,-1
276895,-1
1653151,-1
604585,-1
14767,40
1522097,-1
14772,-1
7322036,-1
4241851,-1
932285,-1
178623,-1
2963903,48
1325506,-1
5847492,-1
6011339,70
440784,-1
3848656,11
7584215,-1
1948120,25
2079197,-1
3193309,-1
637413,-1
80372,-1
702970,-1
6273530,-1
506364,-1
244225,-1
571905,-1
1456644,-1
9681414,-1
47645,-1
342566,-1
1161772,-1
14905,-1
3226180,-1
506444,-1
1292880,-1
670290,-1
5945949,-1
14943,-1
14945,-1
2636389,-1
9517672,-1
80489,-1
2112119,0
14973,72
2308736,-1
2079362,-1
3324548,0
14981,-1
3652232,-1
1751689,9
440974,-1
2964128,-1
3193514,-1
506556,-1
506558,-1
4045508,-1
408263,-1
5782216,-1
6732494,-1
47836,22
15071,-1
7289567,-1
80610,-1
2407139,-1
1948393,-1
1719023,-1
2964208,-1
604914,-1
1063670,-1
146176,-1
3193601,-1
15111,-1
1325831,-1
1555217,-1
4537106,-1
80662,-1
7879446,-1
178973,-1
1391389,-1
244514,-1
7846694,-1
1653544,-1
5290793,-1
408362,-1
1751851,-1
3128121,5
1620794,-1
15175,-1
47950,-1
47952,-1
2571094,-1
179031,-1
1784663,-1
4111191,-1
4111198,-1
211818,-1
4406125,-1
6372205,-1
1162101,-1
146294,-1
3423096,-1
80790,-1
605084,-1
179102,-1
1194919,-1
3947431,0
9157549,-1
5290932,-1
244663,-1
1522615,-1
4340665,-1
5225409,-1
211923,-1
48087,-1
2243554,51
179171,3
146416,-1
1817596,-1
6110206,23
80895,-1
80897,-1
801804,-1
670737,-1
5651482,-1
605213,-1
48170,-1
277552,-1
474161,-1
6044722,-1
343094,51
6306870,-1
2178104,-1
15423,-1
6175816,-1
3947600,-1
736341,-1
5815383,-1
375898,-1
15477,-1
1064054,-1
48249,-1
146561,-1
769153,-1
834696,-1
572558,-1
1129616,-1
408726,-1
212125,-1
2538661,-1
113833,1
1522859,-1
1293502,-1
1916095,-1
15554,-1
5127363,-1
3292364,-1
1588442,-1
2899163,-1
212199,-1
6929642,-1
6339820,-1
965872,-1
376049,-1
5389553,-1
408823,-1
1948921,-1
15617,-1
146693,-1
15629,-1
179480,-1
2047266,-1
3095852,-1
638254,-1
15669,-1
8338747,-1
4570434,68
1162564,-1
867659,-1
3161419,-1
15696,-1
474450,-1
572758,-1
2014551,0
1588583,-1
2801007,-1
376178,-1
867705,-1
4439425,9
81281,-1
507268,20
1654148,-1
703884,-1
3030427,-1
638379,-1
1818060,-1
540118,-1
343515,-1
81372,-1
6995420,-1
4570601,-1
114163,-1
15863,-1
15865,-1
540156,-1
15872,-1
409088,-1
638466,-1
835076,39
1392145,-1
114196,-1
15893,-1
3718679,50
146977,-1
1916453,0
2113067,-1
48685,-1
376367,-1
2178617,-1
3849793,-1
1130050,-1
343625,-1
2276939,0
573005,11
212562,-1
2932306,-1
441944,-1
3292765,-1
474736,-1
605809,-1
1130099,-1
81524,-1
245367,-1
2342521,-1
1457791,-1
2145920,16
16022,-1
442007,-1
2178713,-1
343707,-1
1293985,-1
48803,-1
1719971,-1
1392299,-1
48820,-1
16066,-1
212675,-1
1425095,-1
310984,-1
1326793,-1
1785551,0
2277071,-1
48862,-1
868065,-1
1720033,-1
868068,-1
16102,-1
1556198,-1
2178796,-1
147187,-1
409336,70
48895,-1
868096,-1
2539267,-1
4538121,-1
1490703,-1
2604816,-1
2801425,-1
409371,-1
933683,-1
1720117,-1
2801462,-1
245563,-1
48967,-1
1490765,-1
278351,-1
769874,-1
1720148,-1
6504276,-1
16215,-1
638808,-1
2244441,-1
311130,-1
1883994,-1
2277220,-1
278382,-1
5980018,-1
2408307,-1
3293063,10
2047890,-1
3489701,-1
2375590,-1
6373285,-1
7749541,-1
1294249,-1
278442,-1
147372,-1
2801587,-1
7356346,-1
311227,-1
2146255,0
3030999,-1
1753052,-1
2244573,-1
16348,0
2179051,-1
2244590,-1
704498,-1
606202,4
1753084,-1
4276222,-1
3293188,-1
2146310,-1
507913,-1
6995983,-1
147475,-1
4636692,-1
344090,72
5849118,-1
8110115,4
6144042,-1
2670635,-1
4964395,-1
1523757,-1
81971,-1
1884212,47
245814,-1
376887,-1
868418,-1
442440,-1
540751,-1
7094356,-1
704598,-1
2244710,-1
2113640,-1
639087,-1
1327224,-1
2179199,-1
278680,-1
278683,-1
2474143,-1
770215,-1
311467,-1
213164,-1
475313,-1
1032379,-1
3719357,-1
1851585,-1
311503,-1
2506960,-1
49362,-1
114903,-1
573658,-1
1458395,-1
245981,-1
311525,-1
82157,-1
1818867,16
966909,-1
5882113,-1
1753350,-1
16650,-1
6635787,2
6275341,-1
2736398,-1
7946509,-1
114962,-1
49433,-1
5357850,-1
246043,-1
16674,-1
344355,-1
2474274,-1
6734114,-1
16681,-1
3424557,-1
147763,-1
4571445,-1
115004,-1
2507070,-1
508227,-1
1065286,61
2277712,-1
508247,-1
2376033,-1
344420,-1
475495,-1
3162478,-1
409975,-1
7750009,-1
639358,-1
3228034,-1
6799746,-1
6046086,-1
3129743,2
770449,-1
1556901,-1
573865,-1
1622446,-1
967090,-1
967093,0
16823,-1
180665,-1
475579,-1
541115,-1
5095867,-1
311745,-1
639435,10
934348,-1
10797519,-1
1262042,-1
3129828,-1
2015718,-1
147944,-1
1786355,-1
7422453,-1
475638,-1
6537721,-1
1163770,-1
1753594,-1
8929788,-1
2736641,35
508419,-1
442888,-1
2572809,-1
82448,-1
1655315,52
901653,-1
967193,0
2572826,-1
7193140,-1
541240,-1
4506173,-1
115271,-1
213575,-1
6734407,-1
180829,-1
8110687,-1
2638440,-1
311922,-1
3457658,-1
2179719,-1
2179723,-1
1032844,-1
82576,-1
82578,-1
180887,-1
705176,58
1229471,-1
311969,-1
377506,-1
279208,-1
2146985,-1
2081452,-1
6111918,-1
2540211,-1
180916,-1
1458870,-1
4014774,-1
541370,-1
148155,64
1131194,-1
1196732,-1
1524412,-1
8110782,-1
901826,-1
6800071,-1
475855,-1
180945,-1
738018,-1
2278142,-1
3064575,-1
279310,-1
1491731,-1
803612,-1
49949,-1
1164061,-1
2081565,-1
181024,-1
2638621,-1
17187,-1
443171,-1
115496,-1
1098556,18
1491772,-1
148287,-1
148291,-1
377668,-1
10535754,-1
607068,-1
82787,-1
1393512,-1
1033066,-1
148335,-1
5522300,-1
181127,-1
17296,-1
148368,-1
2638737,-1
1328021,-1
1131418,-1
2179995,-1
148381,-1
115616,-1
115622,-1
476070,16
82871,-1
181180,-1
934852,-1
17358,-1
17362,-1
3621843,-1
213975,-1
7160792,-1
50152,-1
377832,-1
1623019,-1
2376685,-1
279534,-1
17394,-1
3654644,-1
279545,-1
6702073,-1
4113403,-1
7324682,26
1819659,-1
17421,-1
181264,27
4506644,-1
17429,-1
1688597,-1
279577,-1
148509,-1
4572190,-1
17439,-1
148512,-1
4506657,-1
1786922,-1
640045,-1
443438,-1
1786939,-1
6145085,-1
2114635,-1
17493,-1
967765,-1
738394,-1
83039,-1
83040,-1
1459301,5
3556462,-1
83066,1
2671743,-1
1131662,-1
50319,-1
967831,-1
312474,-1
2901151,1
705697,-1
3228833,-1
1033380,60
3949750,-1
115895,-1
476346,-1
378049,-1
148674,-1
2213075,-1
1950939,-1
2114779,-1
50407,-1
148716,-1
181487,-1
3949809,-1
1328384,-1
181505,-1
6735110,-1
247058,35
3425559,-1
1885473,-1
50467,-1
312624,-1
1656115,-1
1262906,-1
4539707,-1
509246,-1
902468,-1
8242503,-1
2737480,-1
640335,-1
3065175,-1
5391704,-1
1426781,-1
181603,-1
1361264,-1
378229,-1
1852795,-1
6735232,-1
869764,-1
1623430,22
607624,-1
2114962,-1
6538647,-1
2344348,0
1295773,-1
3294625,-1
247202,-1
50597,-1
83376,-1
181681,-1
279986,27
411062,-1
1983927,-1
5981623,-1
935355,-1
411068,-1
280019,45
9061849,-1
509409,-1
4113890,-1
1295848,-1
280048,-1
1623540,-1
9356789,-1
50688,-1
83457,-1
1033734,-1
214536,-1
116247,-1
1852952,1
4965931,-1
149044,-1
9848374,-1
7587383,-1
1394234,-1
149054,-1
706113,-1
411213,-1
509524,-1
1459801,-1
673382,17
575084,-1
3098222,-1
673398,-1
2115192,-1
2147976,-1
8275595,-1
50829,-1
411282,-1
1459861,14
83611,-1
575133,-1
5752486,-1
1230504,-1
575146,-1
542381,-1
2737839,-1
1459894,-1
476855,0
7325369,-1
116412,-1
149187,-1
1263303,-1
1328847,-1
640722,-1
5097173,0
2377432,-1
83674,-1
771827,-1
18172,-1
280324,-1
1263364,-1
1034004,3
2803483,-1
411422,-1
1427233,-1
673573,-1
935739,-1
18246,-1
1328970,-1
542544,-1
2869073,-1
3295057,-1
1623892,-1
3360604,-1
182115,-1
182116,-1
1066863,-1
870256,-1
4343663,14
7882611,-1
18296,-1
4835200,-1
4933508,-1
51084,-1
509839,73
2934676,-1
182166,-1
182174,-1
4736928,20
8603554,-1
83878,-1
1034150,-1
3360687,2
83888,-1
5425073,-1
477106,-1
1689524,-1
1623997,-1
247742,-1
1034176,-1
935876,-1
1886148,-1
51142,-1
3491780,24
968648,-1
7391172,-1
837579,-1
542677,-1
5097439,-1
378850,0
3262438,-1
7096294,-1
18410,-1
247786,-1
313325,-1
1624080,-1
83985,-1
2607120,-1
2607129,-1
4737050,-1
8275993,-1
51229,-1
182301,-1
1034273,-1
1230886,-1
6637618,-1
116789,-1
51258,-1
313409,-1
1558596,7
116811,-1
4376656,-1
4769875,-1
510039,-1
1558621,-1
4638818,56
444528,-1
2312306,-1
2246772,-1
477310,-1
346242,-1
2115714,0
1001605,-1
608394,16
247950,-1
51346,-1
5589138,-1
411797,36
346263,-1
84122,-1
1722523,-1
3459235,-1
510118,-1
6211750,-1
1263788,-1
2967732,-1
6736052,58
7915707,-1
2377917,-1
346305,6
510160,-1
149720,-1
5327068,2
510177,-1
7817441,-1
5818603,-1
1788140,-1
3557620,-1
1460471,-1
1329406,-1
51462,-1
116999,-1
1493260,-1
182544,-1
3197211,-1
1100062,-1
18730,-1
18737,-1
3819835,-1
2640193,-1
3557700,-1
2935110,-1
1034572,-1
18773,-1
346456,-1
117081,-1
149862,0
870767,-1
1165683,-1
641409,-1
379275,-1
3426699,-1
1952155,-1
2378140,-1
6310299,-1
7096731,-1
1329570,-1
51621,-1
379314,-1
51637,-1
149942,-1
149956,0
4835784,-1
182744,-1
149977,-1
2935266,-1
3656164,-1
5196260,68
313831,0
182761,-1
8014319,-1
1329648,-1
1460727,-1
2345484,-1
1985042,-1
805399,-1
1100312,38
150042,-1
117282,-1
838188,-1
313910,-1
1788471,-1
2738745,-1
510524,-1
182856,-1
3623499,-1
1395280,-1
2312798,-1
2411105,-1
1657443,17
150119,-1
1854059,-1
2116209,-1
412287,-1
51851,-1
2312848,-1
1002140,-1
1395370,-1
7522986,-1
19119,17
1526452,-1
19130,-1
2214592,-1
740039,-1
772811,-1
5196492,-1
346832,-1
1592018,-1
314080,-1
674528,-1
4180705,-1
215784,-1
2116338,-1
903929,-1
2968314,-1
4049661,-1
117504,-1
5884675,-1
445203,-1
6343448,-1
379673,-1
1887006,-1
2542370,-1
1461027,-1
3197732,-1
412453,-1
6703909,-1
3099434,-1
1821487,-1
707381,-1
1297206,-1
969527,-1
2181944,-1
2542391,-1
3885883,-1
4442950,-1
117582,-1
379726,36
117587,-1
1592150,-1
1559385,-1
4606815,-1
3689317,-1
215919,-1
412527,-1
5753718,-1
5163899,-1
1067905,-1
19331,-1
19339,0
609164,-1
215951,19
1002385,-1
805778,-1
1002387,-1
117652,-1
150423,-1
5786545,-1
1625010,-1
3230661,-1
4574150,-1
1788872,-1
2051016,-1
117717,-1
84953,-1
347101,-1
52199,-1
4049899,-1
642028,-1
3132401,2
3230720,-1
19459,-1
5164037,-1
8408071,-1
150537,-1
674825,-1
2771980,-1
7687181,-1
4541456,-1
904212,-1
150560,-1
1625120,-1
5950515,3
1199165,-1
871488,-1
609360,64
85074,-1
5753945,-1
19548,-1
2215005,-1
85087,-1
3525727,-1
3066985,-1
85100,-1
19565,-1
2215029,-1
4344951,-1
1166457,-1
19584,-1
7883913,-1
2903203,-1
8539303,-1
7163064,-1
675001,-1
85182,62
1100993,-1
543944,-1
183502,-1
19668,-1
19669,-1
2706646,-1
2116820,-1
7818457,-1
773338,57
117994,-1
249069,-1
150776,-1
85247,-1
1887505,-1
150806,-1
85272,-1
5066009,-1
19756,29
445771,-1
3132748,-1
1363281,-1
1428820,-1
19798,-1
249180,-1
281948,-1
478561,-1
347497,-1
609643,42
281970,-1
1756531,-1
1428860,-1
5098877,-1
7720317,-1
773525,-1
1592749,69
2313650,0
52663,-1
2411960,-1
544186,-1
118209,-1
1560003,-1
19908,-1
3132878,-1
871898,-1
544226,-1
1330661,-1
1822203,18
2215421,-1
85514,-1
839180,54
2215446,-1
19992,-1
19994,-1
708123,-1
511535,-1
9784886,-1
3526203,-1
183874,-1
577102,-1
839247,-1
6868561,60
3329626,-1
413275,-1
3821148,-1
20062,-1
2444899,-1
282219,-1
904819,-1
970357,-1
2641526,-1
20087,-1
2641527,-1
5787253,-1
347771,-1
1035901,-1
8998525,-1
6901376,-1
5328514,-1
2969225,-1
315023,-1
20114,-1
20120,7
52895,-1
2543266,33
20133,-1
1265318,-1
151208,-1
151209,-1
1494697,-1
3198639,-1
1363639,-1
446137,-1
2444986,-1
2543295,-1
1035968,-1
2313923,-1
249541,-1
3231429,-1
1298136,-1
1625816,-1
1167068,-1
1396450,-1
151274,-1
1756909,-1
216822,-1
1658631,28
53010,-1
1462037,-1
806687,-1
2510625,-1
3886882,-1
1068845,-1
872238,-1
413492,-1
6901558,4
249655,-1
20281,-1
577339,-1
3952444,-1
7065410,22
741202,8
6475604,-1
1658709,-1
642906,-1
2707299,-1
2314084,-1
7688038,-1
4673385,0
348010,-1
479082,-1
4476780,-1
1429367,-1
1724283,-1
3886980,-1
511878,-1
20362,-1
446347,-1
1396628,-1
937886,-1
2150309,-1
20395,71
577451,-1
544685,-1
774063,-1
3100592,-1
1363892,-1
544693,-1
7032756,0
20409,-1
3329982,-1
1298369,-1
2183108,-1
2183109,-1
446412,-1
3624912,-1
446425,4
4050927,-1
872433,-1
413697,0
1888271,-1
413713,-1
1265683,69
20500,-1
675864,-1
1069083,-1
1069084,0
20516,-1
20523,-1
282669,9
249902,-1
184367,-1
3461165,-1
4149313,0
1069129,69
1101897,-1
184396,-1
1331300,-1
20586,-1
905323,0
20588,-1
938101,-1
1560696,-1
20604,-1
708736,-1
86146,-1
1036419,-1
249990,6
1986695,-1
20615,-1
1462408,-1
151691,-1
53391,-1
282768,-1
1659027,-1
577691,-1
2642082,-1
1101992,-1
282794,-1
4411562,-1
3526830,0
1003695,-1
1888434,-1
5656760,-1
184516,-1
970949,-1
3199174,-1
1691847,-1
413897,-1
53450,-1
2216138,-1
184530,-1
151775,-1
413920,-1
2117859,-1
184550,-1
20714,-1
938227,-1
86272,-1
676103,-1
1298695,-1
3133712,-1
20753,-1
348446,-1
282917,-1
250150,-1
86315,-1
1691948,-1
741682,-1
2511155,20
5296438,-1
7360844,-1
643418,12
86366,-1
1364327,-1
151913,-1
971114,-1
20852,-1
1855861,-1
9752951,-1
3625337,-1
905602,-1
6640003,-1
1364368,-1
709011,-1
971158,-1
6705564,-1
381364,-1
2412980,-1
20923,-1
5820862,-1
1790403,-1
53700,-1
152004,-1
807380,-1
152026,-1
152034,-1
446956,-1
1036785,-1
1561075,-1
2544136,-1
7295502,-1
5296660,-1
807452,-1
676385,-1
545316,-1
3428902,-1
152106,-1
2511404,-1
2675244,-1
283182,35
1069624,-1
21062,-1
21064,-1
447054,-1
578132,-1
348761,-1
643677,-1
479841,-1
348771,-1
3101289,-1
5263977,0
4084333,-1
152176,-1
447091,-1
348788,-1
774776,-1
3134073,-1
807557,-1
86668,-1
53901,-1
2577043,-1
21142,-1
479896,10
185006,-1
6967992,-1
3527360,-1
9228992,-1
2544322,-1
2806467,-1
6378182,55
1397452,-1
1856209,-1
6738657,-1
21225,-1
1463020,-1
3822333,-1
1528578,1
3199752,-1
938765,-1
217879,-1
1692439,-1
4281128,-1
971561,-1
2511661,-1
1397551,-1
283444,-1
1037115,-1
742212,-1
873284,-1
1069897,-1
938826,-1
1037133,32
4150094,-1
1495889,-1
611157,-1
217944,0
1332057,-1
676700,-1
217960,-1
1692536,-1
185211,-1
1889155,-1
119690,-1
775066,-1
250782,-1
4445087,2
21409,-1
349089,-1
3888036,55
6837159,-1
1594282,-1
1692591,-1
4379569,-1
1561529,-1
4051902,-1
6673344,-1
2413516,0
1856462,-1
152530,-1
1790936,-1
8279009,-1
1496038,-1
7197671,-1
1037288,-1
1266675,-1
21498,-1
480253,-1
316416,-1
7361546,-1
2053132,-1
6444048,59
119827,-1
7001118,-1
480297,-1
1922096,-1
21555,-1
54326,-1
21559,-1
4674616,-1
1889340,-1
5919806,-1
185416,-1
1594442,-1
21583,-1
87121,-1
644185,-1
676957,-1
283745,-1
2774130,-1
2053250,-1
1070214,-1
1299595,-1
513169,-1
1692819,1
152751,-1
283825,-1
382132,-1
414901,4
251064,-1
382136,-1
54458,-1
283857,0
578769,19
2872537,-1
6903001,-1
1070300,-1
1791200,-1
152802,-1
21738,-1
218347,-1
1299698,-1
3429619,-1
5428484,19
1070342,-1
939274,-1
251161,-1
251165,-1
1004836,-1
1889573,-1
742700,-1
2643244,-1
972079,-1
87363,-1
4347212,-1
5756244,4
611694,-1
218480,-1
316784,-1
644470,-1
21879,-1
316805,-1
480656,-1
21910,-1
349596,-1
4216222,-1
185762,-1
218532,-1
447918,-1
1070510,-1
2086320,-1
21968,-1
349651,-1
873939,-1
873946,-1
1168865,-1
1562082,0
382435,-1
2184675,-1
7296483,-1
480745,-1
382445,-1
2020846,-1
2643445,-1
546295,-1
1103360,-1
284185,-1
22052,-1
349735,-1
9917998,32
1758768,-1
3888688,1
1889844,-1
2971189,12
2217531,-1
3528255,-1
54862,-1
9197134,-1
54866,-1
1726038,-1
1594970,-1
8312423,-1
1136235,-1
4871791,-1
1431153,-1
22130,-1
677491,-1
1005174,-1
1529464,0
448131,0
120471,-1
54936,-1
4675236,-1
22183,-1
87724,-1
284332,-1
186038,-1
6641350,4
1562314,-1
972494,-1
7526095,-1
120528,-1
1726160,-1
7067345,-1
1201879,29
2938584,-1
1070809,-1
87778,-1
841443,-1
317182,-1
186116,-1
1332997,-1
218890,5
349967,-1
251669,-1
317206,-1
1988385,-1
1005352,-1
22317,-1
382768,14
55092,-1
1070901,-1
22333,-1
3266377,-1
251724,-1
1136468,-1
3921755,-1
6477659,13
218976,-1
1759086,-1
2774894,-1
1660784,-1
579444,-1
186235,-1
481148,-1
1759109,-1
1529737,-1
9459599,-1
415632,-1
1300392,-1
3561385,-1
1726378,-1
2054077,-1
55231,-1
219077,-1
415693,-1
1202129,-1
317394,-1
1431507,-1
415700,-1
3430359,-1
6838232,-1
1791967,-1
4216800,-1
677862,-1
5330918,-1
3201008,-1
6871032,-1
219130,-1
1103866,-1
2480128,-1
415749,-1
1300501,-1
1857564,-1
1660964,-1
22579,41
383037,-1
645189,-1
579655,-1
2545736,-1
809033,-1
481356,-1
1890380,-1
2971727,-1
88145,-1
1988691,-1
3725425,-1
972932,-1
1136786,-1
186516,-1
612503,-1
3954841,-1
22685,-1
22687,-1
22693,-1
55471,4
743599,-1
1824945,-1
4741296,-1
1005749,-1
1005758,-1
3463363,-1
5920965,-1
1628359,-1
1759442,-1
22752,-1
22753,-1
776416,-1
1169633,-1
9197798,-1
55532,-1
153837,-1
88302,-1
809205,-1
1825017,-1
8247547,14
121094,-1
1038601,-1
448783,-1
612623,-1
874769,-1
284958,-1
7493925,-1
88358,-1
5855527,-1
153896,-1
7952678,-1
776492,-1
1235254,-1
55607,-1
350563,-1
186753,-1
973187,-1
3561860,-1
1956243,-1
22938,-1
22945,-1
1431971,-1
580008,-1
1694129,-1
1169852,21
2841021,-1
4413888,-1
6085062,-1
6707657,4
2447818,-1
186829,-1
776653,-1
350672,-1
8051152,-1
219602,-1
3660243,-1
186847,-1
317919,-1
645601,31
88557,19
1759725,-1
317942,-1
23036,-1
3037693,-1
121342,-1
219647,-1
5528061,-1
55826,3
416276,-1
940574,-1
1071649,-1
3988015,-1
4250163,-1
1301053,-1
55892,-1
3070551,-1
711257,-1
1956445,-1
121457,-1
514675,-1
2841205,-1
23162,-1
8379004,-1
55936,-1
4348567,-1
4545177,-1
350874,-1
187041,-1
547494,-1
55982,-1
1399478,-1
154300,-1
23241,-1
23243,-1
88780,-1
907986,-1
2448093,-1
1792742,-1
88807,-1
5921510,-1
187120,-1
1759984,-1
154356,-1
3136256,-1
56066,-1
23303,-1
23311,-1
1858330,-1
3431194,65
187170,-1
416554,63
23339,-1
6118200,-1
1268540,-1
56127,-1
285506,-1
1792837,-1
2775887,-1
187218,-1
2415443,-1
645974,-1
2579289,-1
1334108,66
219997,-1
154463,-1
187237,-1
4086650,-1
4676482,-1
23432,-1
842639,-1
6478742,-1
252832,62
3201952,-1
3103662,-1
23471,-1
3890112,-1
580558,-1
1825746,-1
1727444,-1
2153429,2
6872024,-1
711641,0
2579423,-1
121824,-1
9264104,-1
1170409,-1
973814,-1
383992,-1
416761,-1
580602,0
809977,-1
383998,-1
1825794,-1
2546695,-1
3726354,49
1498131,-1
3202072,-1
1072158,-1
3824675,-1
1334314,1
187440,2
482357,-1
5397569,-1
154695,-1
154703,-1
23632,-1
1301586,-1
154709,-1
1039447,-1
3464279,-1
3136602,-1
3005538,-1
23653,-1
3398760,-1
5233771,-1
1039468,-1
285808,-1
2284661,-1
1039483,-1
7298171,-1
384127,-1
1727622,-1
515207,-1
2088074,-1
1105039,-1
4119697,0
1301650,-1
5921945,-1
2120859,-1
2055325,-1
1924254,-1
416927,43
89254,-1
187559,0
416937,-1
1891498,-1
5135540,-1
23733,-1
23735,-1
220353,-1
3890374,-1
777431,5
6872284,-1
1400035,-1
744696,-1
417023,-1
1826061,71
417042,-1
4152606,-1
23842,-1
1596715,-1
1891629,-1
1957167,-1
1039671,8
2317626,-1
1203537,-1
318802,-1
23891,-1
4644182,-1
286040,-1
2252122,-1
1760603,-1
613724,-1
5004647,-1
3825005,-1
286065,-1
23922,-1
23926,-1
6151547,-1
6249851,-1
5004676,-1
810373,-1
1596818,-1
3890580,70
482709,-1
220569,-1
89503,-1
417187,-1
1858994,-1
1105334,-1
1170875,29
2678205,-1
122310,-1
1007050,-1
2088398,-1
5496278,-1
417242,-1
1367517,-1
2219490,-1
318984,-1
548364,-1
1007116,-1
318997,-1
941589,-1
4152857,-1
450074,-1
24091,-1
5234207,-1
1531427,0
1531432,-1
1498677,-1
1105463,-1
450114,-1
187979,-1
613963,-1
24149,-1
24158,-1
2547297,-1
417401,-1
7102076,-1
1203837,-1
6741635,-1
679556,-1
2743943,-1
4677259,-1
3268241,-1
5430940,66
1302203,-1
89798,-1
6971087,73
89814,-1
450265,-1
9625307,-1
2318051,-1
1007333,-1
3497710,-1
6283001,-1
2383630,-1
4349715,-1
24343,-1
1007406,0
286511,-1
1400641,-1
483147,-1
712524,-1
24398,-1
1630031,-1
1728340,-1
5201757,-1
1433451,-1
24438,-1
1662849,-1
122756,-1
8118151,-1
2023311,-1
57232,-1
4317074,-1
384921,-1
2678681,-1
5922713,-1
90014,-1
712606,-1
450467,-1
614312,-1
2285487,-1
2416569,-1
122811,-1
417724,-1
155582,-1
548799,62
1531845,-1
319435,0
1859535,-1
2449360,-1
1368028,-1
155613,-1
417758,-1
5070814,-1
352225,23
1171450,-1
516091,-1
745469,61
614398,-1
843795,-1
1957910,-1
4579353,-1
450588,-1
57373,-1
2416672,-1
1040417,-1
221226,-1
516138,-1
2285610,-1
1138736,-1
6283326,-1
1007680,-1
876610,-1
4087877,-1
4546636,-1
1957968,-1
1990746,-1
1106017,-1
5333101,-1
483441,-1
4218998,-1
450685,-1
6316158,-1
57474,-1
548996,-1
6250634,-1
254091,-1
5005467,-1
417959,-1
123048,-1
57517,-1
2875565,-1
909487,-1
352434,-1
843962,-1
57535,-1
1073344,-1
286925,58
319703,-1
712919,-1
319705,-1
3006683,-1
483548,-1
24803,-1
123124,28
221430,-1
57599,-1
2679040,-1
549154,14
8053026,-1
123184,-1
3989809,-1
4743479,42
1630524,-1
24897,26
188746,-1
1859915,-1
90444,-1
3072334,-1
450899,-1
3891542,-1
90469,-1
188776,-1
385387,-1
1696109,-1
254321,-1
2187640,-1
516480,-1
188818,-1
5988759,-1
2023832,-1
1008038,59
4153768,-1
1892782,-1
1925565,-1
352703,-1
1565125,-1
844238,-1
57812,-1
451031,-1
3826138,-1
3858907,-1
745951,-1
2712037,-1
1008107,-1
156147,-1
7332343,-1
3334650,-1
3006971,0
1237502,-1
1532420,-1
2122254,-1
385568,-1
418337,-1
2777632,-1
25123,-1
516645,-1
352809,-1
2548270,-1
57903,-1
1630778,-1
57916,-1
1204800,-1
1172040,-1
156235,-1
189008,-1
25181,-1
516706,-1
516707,-1
1958498,39
123493,-1
8544873,-1
25194,65
909936,-1
811634,-1
1598069,-1
1204856,-1
6611579,-1
4809341,-1
2712195,-1
1958540,-1
123539,-1
90776,-1
1958559,-1
2613922,-1
1860264,-1
2089643,-1
844462,-1
451251,-1
1532596,-1
4121273,-1
25275,-1
2253501,-1
549569,-1
2089670,-1
1532631,-1
5333720,-1
58079,-1
418528,-1
58084,-1
1893093,-1
4547304,35
975605,-1
156406,-1
844536,-1
1893113,-1
385788,-1
1860361,-1
451343,-1
3695376,-1
221977,-1
25372,-1
90924,-1
6316845,-1
1139511,-1
549695,-1
1073991,-1
1336147,4
9659219,-1
3203925,4
1172316,-1
3400565,-1
7201655,-1
1500039,-1
680846,27
287634,-1
1041315,-1
2581415,-1
2483112,-1
2253738,-1
2352050,0
5399475,67
1401797,-1
3367880,-1
287690,0
844747,-1
1500112,2
779218,-1
287699,-1
1074130,-1
1827809,-1
8545257,-1
1041398,-1
25595,-1
3924988,-1
6251518,-1
5006337,-1
975878,-1
910347,-1
25616,-1
123921,-1
222241,0
3564601,-1
910399,-1
156737,-1
844866,-1
25673,-1
91215,65
25685,-1
3466326,-1
877655,7
5137499,-1
25696,-1
4285538,-1
4678761,-1
713844,-1
451702,-1
222329,-1
1172602,-1
287868,-1
1762434,-1
746629,-1
189577,-1
1827981,-1
746646,-1
25754,-1
156836,-1
2745509,-1
1172657,-1
3597493,-1
58550,-1
3859639,39
2548929,-1
7726295,-1
3499230,-1
746720,-1
3171552,-1
779491,-1
615654,-1
222448,-1
4383986,-1
4613363,-1
156926,-1
91392,-1
2155783,-1
648456,21
7824650,-1
1303819,-1
2417936,61
2549008,-1
5989658,-1
1467676,-1
156959,-1
6874399,-1
845093,-1
1205553,-1
2614577,-1
25908,-1
189750,-1
222523,1
681279,-1
779584,-1
353617,-1
91481,-1
3827033,50
25951,-1
615776,-1
5334374,-1
157036,-1
1140084,-1
484732,-1
189822,-1
3073406,-1
5432702,-1
451997,3
91552,-1
91558,-1
8971697,-1
8611258,-1
615880,-1
91593,-1
2024905,-1
386514,-1
3794387,3
910823,1
353771,-1
222700,-1
222701,-1
2614763,-1
1172978,-1
91637,-1
4744696,-1
3696123,-1
3663358,-1
1566213,-1
3237390,22
58896,-1
484880,-1
26139,-1
157211,-1
2254366,-1
26156,-1
288313,51
6579781,-1
583242,-1
26187,-1
4023885,-1
58958,-1
1599054,-1
845407,-1
255584,9
2877032,-1
1238636,-1
1631856,-1
910962,-1
419452,-1
8414851,-1
452240,-1
6710928,-1
386707,-1
6448792,-1
845469,2
845481,-1
1140395,-1
91822,-1
3794608,-1
353969,-1
1730231,0
3663547,-1
1402558,-1
255694,-1
1369807,-1
6612691,-1
26324,-1
517846,28
3663586,58
222952,-1
91881,-1
1631979,-1
222965,-1
648949,-1
59128,-1
190200,-1
354044,-1
1238786,-1
321287,-1
288523,-1
2713357,-1
3270454,-1
26423,-1
1042238,-1
2320192,-1
26433,-1
845633,-1
3467074,-1
26443,-1
6547278,-1
91986,-1
255826,-1
1828691,-1
681815,70
26468,-1
452454,-1
485223,-1
4679530,-1
3172207,-1
26485,-1
3991413,-1
1075063,-1
681848,-1
3827581,-1
1075075,-1
5498768,-1
7825300,-1
3368861,-1
452510,-1
26539,5
2713515,-1
681901,-1
1402803,-1
1664954,-1
1828801,-1
3827655,-1
354259,-1
26583,-1
92119,-1
321496,-1
3106778,0
1894368,0
59386,-1
59395,-1
3631113,-1
747534,57
59409,-1
1632273,-1
3696658,-1
2582550,-1
92191,-1
354340,-1
2549797,-1
2287656,-1
1763381,-1
354359,-1
26680,-1
878647,-1
1796167,-1
4155464,-1
7694407,-1
59469,26
1337424,-1
2746458,-1
5367900,-1
1599581,-1
2418784,-1
878698,-1
3008619,-1
780397,-1
7497866,-1
7989394,26
3270805,1
1206422,-1
2418845,-1
682145,-1
2943148,-1
354477,-1
747705,-1
256186,-1
452795,-1
5433531,-1
1468606,-1
125125,-1
223431,-1
125129,-1
3107021,-1
354516,-1
1894615,-1
846045,-1
125155,-1
485613,-1
1829105,-1
2681080,-1
223481,-1
92413,-1
911617,-1
1337603,-1
4024587,-1
190732,0
452888,-1
4385052,-1
1009954,-1
190775,74
878906,53
1960266,56
2025804,-1
715100,8
3828062,-1
2484587,-1
715117,-1
2484589,-1
1206639,-1
2484595,-1
92542,-1
3008902,-1
518537,-1
223631,-1
649616,0
354710,-1
1436059,-1
8153499,-1
5269929,-1
1173934,0
879025,-1
420287,-1
420292,7
9202118,-1
27093,-1
322005,-1
158168,-1
387545,-1
2255321,-1
1862108,-1
256480,-1
59876,-1
59891,-1
289273,-1
27132,-1
6416895,-1
27138,-1
616969,-1
289295,-1
2714134,-1
4614680,-1
354865,-1
5040699,-1
158272,21
1501768,-1
3140169,-1
846411,-1
3009100,-1
1927763,-1
4581979,-1
617055,-1
158314,-1
485997,28
1600112,-1
125564,-1
486012,-1
3172992,-1
158337,-1
3893896,-1
60042,-1
322191,-1
5040784,-1
191124,-1
1305236,-1
2091668,-1
322202,0
289437,-1
92836,7
2910887,-1
1567403,29
5171886,-1
3173042,-1
322229,-1
158392,0
6449851,33
289487,-1
322257,-1
420574,-1
223982,-1
27376,-1
3762935,45
3959545,-1
715533,-1
2616083,-1
3795733,-1
322329,-1
3173150,-1
256802,-1
387876,-1
5237543,6
92974,-1
355132,42
912188,-1
879425,-1
1960772,-1
125766,-1
1960775,-1
1370958,-1
3697486,1
7269203,-1
486228,-1
27487,-1
60270,-1
617331,23
1403785,-1
2157452,-1
125852,-1
1928101,-1
191430,-1
2386888,-1
781272,-1
27619,-1
846820,-1
2681831,-1
584700,-1
27645,-1
5499903,-1
3271689,-1
158741,-1
1567768,-1
2944034,-1
4516913,-1
322613,-1
3599433,-1
4156497,-1
60502,-1
1928290,-1
5598308,-1
6253670,-1
3533928,6
93292,-1
683120,-1
60537,-1
4418682,-1
289923,48
2092164,-1
224389,-1
322698,-1
1830029,-1
93329,-1
453778,-1
846996,-1
289948,33
3173532,-1
6515879,-1
27816,-1
27820,-1
1338541,-1
60591,1
5729458,-1
1174708,-1
1993909,-1
3534006,-1
3861688,-1
355516,-1
158917,-1
2256084,-1
27865,-1
781533,-1
8252640,-1
5893345,-1
27880,-1
1436904,-1
158954,-1
388337,-1
3894513,-1
1993974,-1
93445,-1
5631254,-1
388384,-1
159019,-1
1207596,-1
3271981,-1
159027,-1
519483,-1
2616646,-1
1142089,-1
1830223,-1
2780505,-1
1633629,-1
355684,-1
159077,-1
847223,-1
1305977,-1
3992954,-1
781710,-1
7499159,-1
1633697,13
290212,1
421291,34
4615598,-1
10350005,-1
5893558,-1
7007672,-1
28091,-1
3009980,-1
978368,47
1404352,-1
28098,-1
28100,-1
1699273,-1
191950,-1
1961422,69
28114,-1
191956,-1
388571,-1
8220130,-1
28136,13
60912,-1
388599,14
28152,-1
28154,-1
650754,-1
3239434,-1
93716,-1
2223638,-1
2059802,-1
290333,-1
650784,-1
93736,-1
1666605,-1
781879,24
6975031,-1
1764927,-1
159308,-1
4288100,-1
5008996,47
93806,-1
978545,2
2256509,-1
3305109,-1
2846359,-1
2354846,-1
28321,-1
454305,-1
3075749,-1
28328,-1
1830569,-1
2518706,-1
519865,-1
6319803,-1
290493,-1
1208002,-1
650957,-1
683744,0
2158305,-1
3206887,-1
61168,-1
61176,-1
421627,-1
1437436,-1
5172993,-1
323340,-1
6680334,-1
1797909,24
1109789,-1
61226,-1
93995,-1
28465,-1
3665718,-1
3370811,-1
4583228,-1
7466826,-1
552803,-1
2125668,-1
3403620,-1
1044337,-1
4583287,-1
126844,-1
94077,-1
880510,19
7630718,-1
3764097,-1
585622,10
389015,-1
3567511,-1
7499676,-1
28578,-1
683959,-1
61369,-1
1830843,-1
28604,-1
4943812,-1
2420678,17
225235,-1
880595,0
1667029,-1
847834,-1
4976602,-1
1634275,-1
2584559,-1
3239922,-1
7598066,-1
7237622,-1
4550651,-1
2420733,-1
618510,-1
520209,-1
618515,-1
2682900,-1
94238,68
618536,-1
978984,-1
1863721,-1
94258,-1
5009466,-1
94273,-1
127050,-1
651339,-1
2093132,-1
5566540,-1
258127,-1
1929310,-1
5337183,-1
28770,-1
3797090,-1
1699947,-1
553070,17
356471,-1
2355323,-1
225404,-1
2683003,-1
61569,44
2879622,61
127112,-1
28812,1
1437843,-1
2683033,-1
1896615,-1
225457,-1
94392,-1
3633338,-1
159959,3
7598300,-1
520415,-1
1732831,-1
3567848,-1
2683117,-1
1110263,3
1208569,-1
159999,-1
61702,-1
1798406,-1
4223240,-1
2519310,-1
28942,-1
1896720,1
389395,-1
2191635,39
553243,-1
1929507,-1
61732,-1
1143076,-1
28971,-1
2126127,-1
2421043,-1
2584883,11
717109,-1
1962296,8
3141949,-1
5140798,9
2519362,-1
7106892,-1
2257233,-1
61792,-1
160103,-1
848231,-1
1601896,-1
3305835,-1
1569140,-1
1962371,-1
2388362,31
3142026,-1
618910,-1
1962408,-1
2683316,-1
1962434,-1
3666371,-1
2027973,-1
258509,-1
1634766,-1
2552271,62
1634780,-1
94685,-1
1995232,-1
160228,-1
192996,-1
684518,-1
2453990,-1
127467,-1
1700339,-1
10514932,-1
3207674,-1
94716,-1
2683388,-1
848384,-1
2585099,-1
5894669,-1
422414,-1
1241615,-1
29210,48
291372,-1
422444,-1
1733177,-1
29251,-1
94799,-1
2028116,-1
2159213,-1
160366,-1
2454125,-1
2781814,-1
455288,-1
586364,-1
488067,-1
914075,-1
1569443,-1
324260,-1
2880163,-1
160431,-1
717497,-1
4027070,2
717506,-1
94920,-1
3896011,-1
619216,-1
520913,-1
2618069,-1
1471191,-1
783079,-1
881390,-1
94968,-1
62201,-1
1209081,-1
2421497,-1
324352,-1
324355,-1
4092678,-1
193291,-1
4584204,-1
1274662,-1
946984,13
1962800,-1
8811326,-1
226114,-1
62277,-1
2093895,-1
455500,-1
95054,-1
979799,-1
29541,-1
947045,-1
1143653,-1
62314,-1
4518771,-1
2421622,-1
3404682,-1
5370765,-1
4322193,-1
127894,-1
1078184,-1
2913223,-1
62409,-1
29644,-1
2028493,-1
324564,-1
8549332,1
455641,-1
2487258,-1
750556,-1
2716643,-1
324583,-1
226284,-1
947190,-1
619511,-1
29689,-1
1078274,-1
160773,-1
4813835,-1
1274892,-1
1963022,5
4355087,-1
783377,-1
2749462,-1
1537050,-1
193573,-1
554049,-1
193602,-1
95299,-1
5370945,-1
128069,-1
1340505,-1
259163,-1
1930331,0
160869,2
488569,-1
1111162,-1
2258042,-1
3699841,-1
1635464,-1
291978,63
488588,-1
1438861,-1
455823,-1
2323628,-1
29870,-1
95416,-1
160967,-1
652513,-1
29926,-1
62697,-1
881901,-1
783609,-1
6747393,-1
128262,-1
193800,-1
324879,-1
6550800,-1
1275163,-1
5960988,-1
619832,-1
62778,-1
2454844,-1
2815293,-1
30021,-1
4257093,-1
1504602,-1
4683098,-1
3536222,-1
2356578,36
1078631,-1
3634535,-1
1701235,-1
718208,-1
4683145,-1
4748684,-1
488853,-1
193946,20
95643,-1
193958,-1
1668518,-1
2454955,0
2717101,-1
30127,-1
652721,-1
1537457,-1
1504691,-1
4257209,-1
3503551,-1
685510,-1
30156,-1
2946512,-1
980436,-1
1635798,-1
2520537,-1
325082,-1
30171,-1
292320,-1
2618850,0
8189413,-1
5142007,0
1668607,-1
5240324,-1
652807,-1
3667464,-1
325154,-1
1013293,-1
30255,-1
2258489,-1
489020,-1
587325,-1
8156741,-1
3601997,-1
63054,-1
2324071,-1
2651752,5
4257402,-1
95874,-1
8746629,-1
6911634,-1
3077781,-1
325270,-1
194209,-1
947873,-1
816803,-1
980647,-1
390830,3
2061999,-1
1570482,-1
1701557,-1
1111734,-1
751293,-1
2881221,-1
194261,-1
95970,-1
587490,-1
751350,-1
5863158,-1
3929848,-1
882426,-1
947968,-1
194308,-1
718602,71
6289180,-1
882463,7
63269,-1
1636140,-1
358191,-1
6092600,-1
3438395,-1
2488151,-1
816989,-1
2619231,-1
96104,-1
784232,-1
1898344,-1
1505134,-1
30575,-1
2914162,-1
128891,-1
227201,-1
1374083,-1
3700611,-1
1505162,2
4519823,35
161688,-1
391072,-1
2389920,43
6518694,-1
1177515,-1
2750379,-1
63407,-1
2586544,-1
1996726,-1
128954,-1
7829434,-1
7829435,-1
718786,-1
5404619,-1
2357198,-1
30675,-1
358357,-1
3799005,-1
30688,-1
5109728,-1
1701859,-1
3405797,-1
554983,-1
1865712,-1
751602,-1
489476,-1
2160646,-1
6060038,-1
30728,-1
686097,-1
2586665,-1
227373,-1
2816047,-1
2455604,-1
30778,-1
784444,-1
3045436,-1
63558,-1
30792,-1
3962952,-1
1931340,-1
1275984,-1
30828,-1
1570934,-1
718971,7
30844,-1
2488454,-1
1472650,-1
1276044,-1
555169,-1
882851,-1
653484,-1
30899,-1
30905,36
391355,-1
3406038,-1
129253,-1
4258038,-1
1472761,-1
6125826,-1
227604,21
489749,-1
31014,-1
3602727,-1
2488616,-1
325944,23
5077311,-1
31065,-1
3963237,-1
457063,0
31083,-1
981375,-1
850311,-1
227727,-1
1276309,-1
7797141,-1
31127,-1
915863,-1
2816419,-1
1243577,-1
5929401,-1
1931708,-1
31175,-1
522695,-1
1767883,-1
31180,-1
162254,2
96736,25
391665,-1
8616439,-1
1767938,-1
64003,-1
1800710,60
227860,-1
10910233,-1
64033,-1
3897892,-1
1047079,-1
916015,-1
162359,-1
162361,-1
2488895,-1
2095684,-1
719429,-1
752197,-1
5864004,-1
522826,-1
2914902,-1
2357851,-1
883311,-1
4487795,-1
4225656,-1
96908,-1
31375,9
948879,-1
2652822,-1
96934,-1
5569191,-1
359101,0
948928,-1
1800899,-1
162502,-1
64204,-1
7568080,-1
9272016,-1
3799770,-1
6224614,-1
4225772,-1
4258550,-1
359160,-1
621316,-1
2521866,-1
162574,-1
588559,-1
817940,-1
1735444,-1
883486,-1
97055,0
4389671,0
129834,-1
1702701,-1
686896,-1
391986,-1
2456372,-1
64310,-1
424760,0
3406660,-1
3636041,-1
1014602,-1
4717387,3
5339980,-1
621393,-1
2653019,30
7469915,-1
31582,-1
1637215,-1
1669984,0
64357,-1
4750185,-1
916336,-1
1571710,-1
2816895,-1
1047440,-1
1145750,15
31641,-1
2358173,-1
588706,-1
1637299,1
687030,38
621508,-1
4389830,-1
4717512,-1
2161610,-1
8715213,-1
1014736,0
1342417,-1
195547,1
883683,-1
293862,-1
31719,72
1244138,-1
2653166,-1
7633904,7
424946,-1
949237,-1
6716424,-1
916489,-1
2489354,-1
523280,-1
162849,8
97323,-1
818224,-1
1506356,-1
1637428,-1
556086,-1
3636279,0
1309750,22
3013687,-1
97338,-1
130110,-1
4684862,-1
5700676,-1
752714,-1
2260047,-1
3177555,-1
31834,0
1997921,1
7240803,-1
9632868,-1
64619,-1
97387,-1
6061166,-1
8748153,-1
523390,40
2260094,-1
31878,-1
4390023,25
7568542,0
4324521,-1
326832,-1
228530,-1
2849974,-1
1801401,-1
195773,9
6061248,-1
654529,-1
982209,-1
818385,-1
1080532,-1
3833044,-1
2718935,-1
1965277,-1
3243229,-1
163039,73
261346,-1
654562,-1
1080546,-1
2358502,-1
2096364,-1
982253,36
1801458,0
130292,0
64767,-1
3341570,-1
2391299,-1
64777,-1
97547,-1
818443,-1
1768718,44
64791,-1
359715,-1
621860,-1
3439915,-1
3013957,-1
851272,-1
359774,-1
490847,-1
1604962,-1
1703267,-1
392574,-1
32128,-1
64903,-1
130439,-1
3571095,-1
1113497,1
589215,-1
1244583,-1
7667118,53
1899952,-1
2096561,-1
359875,-1
359884,-1
130511,-1
458199,-1
5406169,-1
130523,-1
4718043,72
3112415,-1
916979,-1
4193780,-1
1441272,21
916998,0
1015320,-1
1637912,-1
785946,-1
32285,-1
687646,-1
491042,-1
785956,-1
4652581,6
2522673,-1
97846,-1
1343033,-1
1867324,15
294467,-1
1048132,-1
294474,-1
97869,-1
491086,-1
785997,-1
491088,-1
2424400,33
130648,-1
523867,-1
1015396,-1
130666,-1
1572462,-1
32375,-1
2195070,-1
4030078,-1
622211,68
556677,-1
1965711,-1
97948,-1
163497,-1
3800748,-1
1867438,-1
687791,-1
1507000,-1
229049,-1
1113791,-1
163529,-1
65230,-1
65231,-1
1933012,-1
2784981,-1
32471,41
261847,-1
425687,-1
8093399,-1
32482,-1
360163,-1
1933027,-1
2457324,-1
2621164,-1
294647,-1
491263,-1
360195,-1
425734,-1
2621196,1
3964693,-1
1015578,-1
4357916,19
5046077,-1
7274302,-1
2162496,-1
294722,74
32586,-1
261968,-1
3178324,31
229216,-1
196450,6
1900386,-1
982884,-1
1376100,-1
1146731,-1
5570415,-1
753526,-1
3440505,-1
196476,-1
1376128,-1
2883458,-1
7012231,-1
950157,-1
3178387,-1
130965,-1
2883491,-1
556964,-1
5373865,-1
98218,-1
3407788,-1
3047345,-1
5701555,-1
294837,9
1736632,-1
65466,-1
5734340,-1
557001,-1
1277898,-1
65486,-1
1572817,-1
32727,-1
7241691,-1
360412,-1
32742,-1
819175,-1
393195,-1
557039,-1
131064,-1
425980,-1
